{
  "meta_title": "",
  "meta_description": "",
  "sections": [
    {
      "type": "banner-slider",
      "autoplay": 9000,
      "full_width": false,
      "slides": [
        {
          "img": "/img/uploads/cadeiras_banner.jpeg",
          "link": "https://lafeli.com.br ",
          "alt": "Banner - conjunto",
          "start": "2020-04-11T05:54:06.750Z",
          "end": "2024-05-11T03:00:00.000Z",
          "mobile_img": "/img/uploads/cadeiras_banner.jpeg"
        },
        {
          "start": "",
          "end": "",
          "img": "/img/uploads/cadeiras_banner2.png",
          "alt": "Banner - conjunto",
          "mobile_img": "/img/uploads/cadeiras_banner2.png"
        }
      ]
    },
    {
      "type": "info-bar",
      "enabled": true
    },
    {
      "page": 1,
      "title": "Vendas online somente no Estado do Ceará ",
      "shuffle": false,
      "headless": false,
      "type": "collection-shelf",
      "link": "",
      "limit": 12,
      "collection_id": null,
      "sort": "views"
    },
    {
      "type": "page-title",
      "title": "Lafeli Cadeiras da E-Com Plus",
      "description": ""
    }
  ]
}